{
  "properties": {
    "connectionReferences": {
      "shared_approvals": {
        "runtimeSource": "embedded",
        "connection": {
          "connectionReferenceLogicalName": "crf52_sharedapprovals_c0cc5"
        },
        "api": {
          "name": "shared_approvals"
        }
      },
      "shared_commondataserviceforapps": {
        "runtimeSource": "embedded",
        "connection": {
          "connectionReferenceLogicalName": "crf52_sharedcommondataserviceforapps_bcccb"
        },
        "api": {
          "name": "shared_commondataserviceforapps"
        }
      }
    },
    "definition": {
      "$schema": "https://schema.management.azure.com/providers/Microsoft.Logic/schemas/2016-06-01/workflowdefinition.json#",
      "contentVersion": "1.0.0.0",
      "parameters": {
        "$connections": {
          "defaultValue": {},
          "type": "Object"
        },
        "$authentication": {
          "defaultValue": {},
          "type": "SecureObject"
        }
      },
      "triggers": {
        "When_an_action_is_performed": {
          "metadata": {
            "operationMetadataId": "7f2a5727-f92b-4aa2-9d66-b55d4b8a1f73"
          },
          "type": "OpenApiConnectionWebhook",
          "inputs": {
            "host": {
              "connectionName": "shared_commondataserviceforapps",
              "operationId": "BusinessEventsTrigger",
              "apiId": "/providers/Microsoft.PowerApps/apis/shared_commondataserviceforapps"
            },
            "parameters": {
              "catalog": "commoncatalog",
              "category": "powerplatformpipelines",
              "subscriptionRequest/entityname": "none",
              "subscriptionRequest/sdkmessagename": "OnPreDeploymentStarted"
            },
            "authentication": "@parameters('$authentication')"
          },
          "conditions": [
            {
              "expression": "@equals(triggerOutputs()?['body/OutputParameters/DeploymentPipelineName'], 'My First Custom Pipeline')"
            }
          ],
          "description": "Set the trigger condition in the settings as \"@equals(triggerOutputs()?['body/OutputParameters/DeploymentPipelineName'], 'My First Custom Pipeline')\". This ensures that flow will only execute when the pipeline name is 'My First Custom Pipeline'"
        }
      },
      "actions": {
        "Start_and_wait_for_an_approval": {
          "runAfter": {},
          "metadata": {
            "operationMetadataId": "ab57d669-0e02-4667-9fc8-f845d7315727"
          },
          "type": "OpenApiConnectionWebhook",
          "inputs": {
            "host": {
              "connectionName": "shared_approvals",
              "operationId": "StartAndWaitForAnApproval",
              "apiId": "/providers/Microsoft.PowerApps/apis/shared_approvals"
            },
            "parameters": {
              "approvalType": "BasicAwaitAll",
              "WebhookApprovalCreationInput/title": "Approve deployment to PROD",
              "WebhookApprovalCreationInput/assignedTo": "daias.jose@data-skies.com;",
              "WebhookApprovalCreationInput/enableNotifications": true,
              "WebhookApprovalCreationInput/enableReassignment": true
            },
            "authentication": "@parameters('$authentication')"
          }
        },
        "Is_deployment_approved": {
          "actions": {
            "Approve_Deployment": {
              "runAfter": {},
              "metadata": {
                "operationMetadataId": "6d7a2ee6-badc-4e33-88b6-26f6f591062d"
              },
              "type": "OpenApiConnection",
              "inputs": {
                "host": {
                  "connectionName": "shared_commondataserviceforapps",
                  "operationId": "PerformUnboundAction",
                  "apiId": "/providers/Microsoft.PowerApps/apis/shared_commondataserviceforapps"
                },
                "parameters": {
                  "actionName": "UpdatePreDeploymentStepStatus",
                  "item/StageRunId": "@triggerOutputs()?['body/InputParameters/StageRunId']",
                  "item/PreDeploymentStepStatus": 20
                },
                "authentication": "@parameters('$authentication')"
              },
              "description": "Deployment status 20 - Approved 30 - Rejected"
            }
          },
          "runAfter": {
            "Start_and_wait_for_an_approval": [
              "Succeeded"
            ]
          },
          "else": {
            "actions": {
              "Reject_Deployment": {
                "runAfter": {},
                "metadata": {
                  "operationMetadataId": "ca98ec13-7ca1-4344-8f06-216a35dc051e"
                },
                "type": "OpenApiConnection",
                "inputs": {
                  "host": {
                    "connectionName": "shared_commondataserviceforapps",
                    "operationId": "PerformUnboundAction",
                    "apiId": "/providers/Microsoft.PowerApps/apis/shared_commondataserviceforapps"
                  },
                  "parameters": {
                    "actionName": "UpdatePreDeploymentStepStatus",
                    "item/StageRunId": "@triggerOutputs()?['body/InputParameters/StageRunId']",
                    "item/PreDeploymentStepStatus": 30
                  },
                  "authentication": "@parameters('$authentication')"
                },
                "description": "Deployment status 20 - Approved 30 - Rejected"
              }
            }
          },
          "expression": {
            "equals": [
              "@outputs('Start_and_wait_for_an_approval')?['body/outcome']",
              "Approve"
            ]
          },
          "metadata": {
            "operationMetadataId": "92c23f9f-d2fa-40ba-a958-9c2f71840ffa"
          },
          "type": "If"
        }
      }
    },
    "templateName": null
  },
  "schemaVersion": "1.0.0.0"
}